epoch,loss,HR@5,HR@10,NDCG@5,NDCG@10,train_time_seconds,validation_time_seconds,epoch_time_seconds,peak_gpu_memory_gb
1,0.9606163260946236,0.025827813893556595,0.04370860755443573,0.01640653982758522,0.02218560501933098,102.88879828702193,0.5084252179949544,103.39722350501688,5.013172626495361
2,0.9258659624008544,0.06920529901981354,0.09966887533664703,0.04486728087067604,0.054721899330616,103.0431239179452,0.39272285299375653,103.43584677093895,5.013172626495361
3,0.9029448459347881,0.08311258256435394,0.12235099077224731,0.05392351374030113,0.06661948561668396,103.16588115802733,0.429539410979487,103.59542056900682,5.013172626495361
4,0.889376143867751,0.08956953883171082,0.13178807497024536,0.0599830262362957,0.0735972449183464,103.31676817097468,0.5358299180516042,103.85259808902629,5.013172626495361
5,0.8798752427101135,0.09784768521785736,0.14403973519802094,0.06595870107412338,0.08095518499612808,104.25910861999728,0.4000116690294817,104.65912028902676,5.013172626495361
6,0.87248899466488,0.10546357929706573,0.15711919963359833,0.07041260600090027,0.08707847446203232,103.47894250502577,0.5002479380345903,103.97919044306036,5.013172626495361
7,0.866409528017994,0.10794702172279358,0.16407284140586853,0.07222015410661697,0.09022048860788345,103.12094607099425,0.3982332599698566,103.5191793309641,5.013172626495361
8,0.8612856089356411,0.11258278042078018,0.1693708598613739,0.07504064589738846,0.09322220087051392,103.66940513299778,0.3942285039811395,104.06363363697892,5.013172626495361
9,0.8567636088071117,0.11357615888118744,0.16953642666339874,0.07718608528375626,0.09513738006353378,103.15920817898586,0.39379399095196277,103.55300216993783,5.013172626495361
10,0.8529075061657514,0.11821191757917404,0.1731788069009781,0.08129061013460159,0.09904491156339645,103.66524079500232,0.5184156519826502,104.18365644698497,5.013172626495361
11,0.8491667984966262,0.12168873846530914,0.1821192055940628,0.08324231207370758,0.10266601294279099,103.15181005402701,0.48898870300035924,103.64079875702737,5.013172626495361
12,0.8460884773873713,0.12516556680202484,0.18145695328712463,0.08580724149942398,0.10394199937582016,103.41655682498822,0.4096284860279411,103.82618531101616,5.013172626495361
13,0.8430419223242072,0.12317880988121033,0.1847682148218155,0.08391465246677399,0.10380682349205017,103.2008011630387,0.45994792302371934,103.66074908606242,5.013172626495361
14,0.8403145001229062,0.13029801845550537,0.1917218565940857,0.08914051204919815,0.10879309475421906,103.29387699899962,0.4090070590027608,103.70288405800238,5.013172626495361
15,0.8377089660006215,0.12781457602977753,0.1844370812177658,0.08840399980545044,0.10668537765741348,102.28547997202259,0.3957563290023245,102.68123630102491,5.013172626495361
16,0.8352016482220228,0.13013245165348053,0.19503311812877655,0.09085102379322052,0.11170478165149689,102.8272656549816,0.3952261839876883,103.22249183896929,5.013172626495361
17,0.833049468452712,0.13178807497024536,0.19238410890102386,0.0905923917889595,0.11011164635419846,103.17873977200361,0.5455229629878886,103.7242627349915,5.013172626495361
18,0.8307295734663883,0.1316225230693817,0.19437086582183838,0.09130552411079407,0.11149223148822784,103.23067736503435,0.3964962909813039,103.62717365601566,5.013172626495361
19,0.8286910084139303,0.13625827431678772,0.1937086135149002,0.09291916340589523,0.11148916929960251,102.42509553802665,0.394602081971243,102.8196976199979,5.013172626495361
20,0.8267141215829735,0.13493376970291138,0.19188742339611053,0.0920988991856575,0.11053147166967392,102.94550541002536,0.3955482140299864,103.34105362405535,5.013172626495361
21,0.8247971184700134,0.1377483457326889,0.19387416541576385,0.09453724324703217,0.11266607791185379,103.51178534701467,0.3963885940029286,103.9081739410176,5.013172626495361
22,0.8229709012099946,0.1365894079208374,0.1948675513267517,0.09418104588985443,0.11304651945829391,102.83699842897477,0.42136938095791265,103.25836780993268,5.013172626495361
23,0.8211458411349718,0.13609272241592407,0.19552980363368988,0.09442082792520523,0.11361713707447052,102.49464096798329,0.39633053401485085,102.89097150199814,5.013172626495361
24,0.8194929901822154,0.13708609342575073,0.19238410890102386,0.09672676026821136,0.11452078819274902,103.50698675395688,0.3951136289979331,103.90210038295481,5.013172626495361
25,0.8177435382428873,0.1354304701089859,0.19817881286144257,0.09476714581251144,0.1147993877530098,103.05025046301307,0.4093636809848249,103.4596141439979,5.013172626495361
26,0.81631175631071,0.1365894079208374,0.19304636120796204,0.09420701861381531,0.11243415623903275,103.92380700801732,0.42097844200907275,104.3447854500264,5.013172626495361
27,0.8146584163623977,0.1400662213563919,0.1998344361782074,0.09845685958862305,0.11772307008504868,103.16713644302217,0.39489688799949363,103.56203333102167,5.013172626495361
28,0.8132056572997712,0.13956953585147858,0.19503311812877655,0.09688326716423035,0.11487426608800888,102.57146381295752,0.39848712901584804,102.96995094197337,5.013172626495361
29,0.8117581418785916,0.14056290686130524,0.19917218387126923,0.09758871793746948,0.11638584733009338,103.46497246198123,0.44680500094546005,103.9117774629267,5.013172626495361
30,0.8102327153027296,0.13741721212863922,0.19552980363368988,0.09322580695152283,0.11186447739601135,103.45668926398503,0.4229690819629468,103.87965834594797,5.013172626495361
