epoch,loss,learning_rate,HR@5,HR@10,NDCG@5,NDCG@10,epoch_time_seconds
1,7.981411820215895,0.0001,0.014900662251655629,0.02781456953642384,0.009065263899124845,0.013246151488457867,13.530897063028533
2,7.617008639329317,0.0001,0.01870860927152318,0.036754966887417216,0.011387635229861099,0.01715287335736982,12.602391693973914
3,7.503604724075621,0.0001,0.020033112582781457,0.037582781456953644,0.012180753106850899,0.01774354171647557,12.509760835964698
4,7.470671874797897,0.0001,0.020695364238410598,0.03609271523178808,0.012926380172761381,0.017880251045105936,12.635111766983755
5,7.464980006691635,0.0001,0.020033112582781457,0.03741721854304636,0.012514049809635087,0.018099991656248683,12.593785082979593
6,7.460666455654119,0.0001,0.019370860927152317,0.03559602649006623,0.0124028994237455,0.017579798922334973,12.519086999993306
7,7.456901759343432,0.0001,0.018874172185430464,0.036754966887417216,0.01210356521280257,0.01774737288956682,12.501309668994509
8,7.4602536934101025,0.0001,0.0195364238410596,0.038410596026490065,0.012511110114076724,0.018540590750985263,12.584370820957702
9,7.4592179115244885,0.0001,0.02152317880794702,0.03890728476821192,0.013094677620330203,0.018613558868812247,12.620670646021608
10,7.443573708565819,0.0001,0.01771523178807947,0.03278145695364238,0.01051099725818688,0.015284316320670914,12.463296099973377
